source,target,weight
Rockstar Games,Sega,1
Rockstar Games,Nordic Games,2
Rockstar Games,Maximum Games,1
Rockstar Games,Insomniac Games,1
Rockstar Games,Moss,1
Rockstar Games,Bandai Namco Entertainment,1
Rockstar Games,Mojang,1
Rockstar Games,Microsoft Studios,3
Rockstar Games,Grey Box,1
Rockstar Games,Little Orbit,1
Rockstar Games,Koei Tecmo,1
Rockstar Games,Konami Digital Entertainment,2
Rockstar Games,Snail Game,1
Rockstar Games,Activision,3
Rockstar Games,Ubisoft,2
Rockstar Games,Namco Bandai Games,1
Rockstar Games,Microids,1
Rockstar Games,BioWare,1
Rockstar Games,Bethesda Softworks,1
Rockstar Games,Versus Evil,1
Rockstar Games,Focus Home Interactive,2
Rockstar Games,2K Games,1
Rockstar Games,Kalypso Media,2
Rockstar Games,Revolution Software,1
Rockstar Games,Ice-pick Lodge,1
Rockstar Games,Warner Bros. Interactive Entertainment,3
Rockstar Games,THQ Nordic,3
Rockstar Games,Studio Wildcard,1
Rockstar Games,Electronic Arts,1
Rockstar Games,Sold Out,1
Rockstar Games,Koch Media,1
Rockstar Games,Ready at Dawn,1
Rockstar Games,Games Workshop,1
Rockstar Games,Team17 Software,1
Rockstar Games,Bigben Interactive,1
Rockstar Games,Wired Productions,1
Rockstar Games,PlatinumGames,1
Rockstar Games,Tecmo Koei,1
Rockstar Games,Square Enix,3
Rockstar Games,505 Games,2
Rockstar Games,Deep Silver,1
Rockstar Games,Gearbox Software,2
Rockstar Games,Soedesco,2
Rockstar Games,Telltale Games,2
Rockstar Games,GameTrust,1
Rockstar Games,Disney Interactive Studios,2
Rockstar Games,Capcom,2
Rockstar Games,Stainless Games,1
Rockstar Games,Outright Games,1
Rockstar Games,Bandai Namco Games,1
Rockstar Games,Unknown,2
Rockstar Games,Gun Media,1
Rockstar Games,11 bit studios,1
Activision,Sega,3
Activision,Triangle Service,1
Activision,Level 5,1
Activision,Nordic Games,3
Activision,Maximum Games,3
Activision,Rebellion Developments,1
Activision,5pb,1
Activision,Grey Box,1
Activision,Little Orbit,1
Activision,Microids,1
Activision,Tripwire Interactive,1
Activision,Bethesda Softworks,3
Activision,Majesco Entertainment,1
Activision,Ice-pick Lodge,1
Activision,Kalypso Media,3
Activision,Devolver Digital,1
Activision,Harmonix Music Systems,1
Activision,Nighthawk Interactive,1
Activision,Ravenscourt,1
Activision,Alternative Software,1
Activision,Studio Wildcard,1
Activision,Sold Out,2
Activision,Team17 Software,1
Activision,Ready at Dawn,1
Activision,Games Workshop,1
Activision,Wired Productions,1
Activision,Tecmo Koei,1
Activision,Square Enix,4
Activision,Astragon,1
Activision,Take-Two Interactive,1
Activision,Atari,1
Activision,GameTrust,1
Activision,Capcom,4
Activision,Stainless Games,2
Activision,Bandai Namco Games,2
Activision,Gun Media,1
Activision,2K Sports,1
Activision,Rebellion,1
Activision,Insomniac Games,1
Activision,Moss,1
Activision,Bandai Namco Entertainment,1
Activision,Mojang,1
Activision,Renegade Kid,1
Activision,Microsoft Studios,7
Activision,Tru Blu Entertainment,1
Activision,GameMill Entertainment,1
Activision,Wizards of the Coast,1
Activision,Koei Tecmo,1
Activision,Yacht Club Games,1
Activision,Konami Digital Entertainment,3
Activision,Snail Game,1
Activision,Ubisoft,8
Activision,Namco Bandai Games,2
Activision,GameMill,1
Activision,BioWare,1
Activision,Versus Evil,1
Activision,City Interactive,1
Activision,Focus Home Interactive,5
Activision,2K Games,3
Activision,Revolution Software,1
Activision,Microsoft Game Studios,2
Activision,Warner Bros. Interactive Entertainment,5
Activision,THQ Nordic,5
Activision,Electronic Arts,4
Activision,Koch Media,3
Activision,Bigben Interactive,3
Activision,PlatinumGames,1
Activision,EA Sports,1
Activision,505 Games,5
Activision,Deep Silver,3
Activision,Gearbox Software,3
Activision,Soedesco,3
Activision,Telltale Games,3
Activision,Disney Interactive Studios,3
Activision,Big Ben Interactive,1
Activision,Outright Games,1
Activision,Blizzard Entertainment,1
Activision,MLB.com,2
Activision,Unknown,3
Activision,11 bit studios,1
Microsoft Studios,Sega,2
Microsoft Studios,Triangle Service,1
Microsoft Studios,Level 5,1
Microsoft Studios,Nordic Games,4
Microsoft Studios,Paradox InteractiveÊ,1
Microsoft Studios,Maximum Games,4
Microsoft Studios,Rebellion Developments,1
Microsoft Studios,Milestone,1
Microsoft Studios,5pb,1
Microsoft Studios,Grey Box,1
Microsoft Studios,Little Orbit,1
Microsoft Studios,UIG Entertainment,2
Microsoft Studios,Microids,1
Microsoft Studios,Tripwire Interactive,1
Microsoft Studios,Bethesda Softworks,4
Microsoft Studios,Majesco Entertainment,1
Microsoft Studios,Ice-pick Lodge,1
Microsoft Studios,Kalypso Media,4
Microsoft Studios,Experience Inc.,1
Microsoft Studios,Devolver Digital,1
Microsoft Studios,Nighthawk Interactive,1
Microsoft Studios,Ravenscourt,1
Microsoft Studios,Alternative Software,1
Microsoft Studios,Studio Wildcard,1
Microsoft Studios,Sold Out,3
Microsoft Studios,Team17 Software,1
Microsoft Studios,Ready at Dawn,1
Microsoft Studios,Games Workshop,1
Microsoft Studios,Wired Productions,1
Microsoft Studios,Introversion Software,1
Microsoft Studios,Tecmo Koei,2
Microsoft Studios,Square Enix,5
Microsoft Studios,TopWare Interactive,1
Microsoft Studios,Astragon,1
Microsoft Studios,Take-Two Interactive,1
Microsoft Studios,Atari,1
Microsoft Studios,GameTrust,1
Microsoft Studios,Capcom,6
Microsoft Studios,Stainless Games,2
Microsoft Studios,Bandai Namco Games,3
Microsoft Studios,Gun Media,1
Microsoft Studios,2K Sports,1
Microsoft Studios,Rebellion,1
Microsoft Studios,Sinxsoft,1
Microsoft Studios,Insomniac Games,1
Microsoft Studios,Codemasters,1
Microsoft Studios,Moss,1
Microsoft Studios,Mojang,1
Microsoft Studios,Bandai Namco Entertainment,1
Microsoft Studios,Renegade Kid,1
Microsoft Studios,Tru Blu Entertainment,1
Microsoft Studios,GameMill Entertainment,1
Microsoft Studios,Wizards of the Coast,1
Microsoft Studios,Team17 Digital Ltd,1
Microsoft Studios,Koei Tecmo,1
Microsoft Studios,Yacht Club Games,1
Microsoft Studios,Konami Digital Entertainment,3
Microsoft Studios,Snail Game,1
Microsoft Studios,Ubisoft,9
Microsoft Studios,Namco Bandai Games,6
Microsoft Studios,GameMill,3
Microsoft Studios,BioWare,1
Microsoft Studios,Versus Evil,1
Microsoft Studios,City Interactive,1
Microsoft Studios,Focus Home Interactive,7
Microsoft Studios,2K Games,4
Microsoft Studios,Revolution Software,1
Microsoft Studios,Microsoft Game Studios,2
Microsoft Studios,Warner Bros. Interactive Entertainment,7
Microsoft Studios,THQ Nordic,8
Microsoft Studios,Electronic Arts,8
Microsoft Studios,Frontier Developments,1
Microsoft Studios,Koch Media,6
Microsoft Studios,Bigben Interactive,4
Microsoft Studios,System 3,1
Microsoft Studios,PlatinumGames,1
Microsoft Studios,EA Sports,1
Microsoft Studios,505 Games,8
Microsoft Studios,Deep Silver,5
Microsoft Studios,Gearbox Software,3
Microsoft Studios,Soedesco,6
Microsoft Studios,Telltale Games,3
Microsoft Studios,PQube,2
Microsoft Studios,Dusenberry Martin Racing,1
Microsoft Studios,Milestone S.r.l.,1
Microsoft Studios,Techland,2
Microsoft Studios,Disney Interactive Studios,2
Microsoft Studios,Big Ben Interactive,1
Microsoft Studios,Outright Games,1
Microsoft Studios,Milestone S.r.l,1
Microsoft Studios,Blizzard Entertainment,2
Microsoft Studios,MLB.com,2
Microsoft Studios,Unknown,5
Microsoft Studios,11 bit studios,1
Electronic Arts,Sega,1
Electronic Arts,Triangle Service,1
Electronic Arts,Nordic Games,1
Electronic Arts,Paradox InteractiveÊ,1
Electronic Arts,Maximum Games,4
Electronic Arts,Rebellion Developments,1
Electronic Arts,Milestone,1
Electronic Arts,Little Orbit,1
Electronic Arts,UIG Entertainment,1
Electronic Arts,Tripwire Interactive,1
Electronic Arts,Bethesda Softworks,3
Electronic Arts,Kalypso Media,2
Electronic Arts,Experience Inc.,1
Electronic Arts,Devolver Digital,1
Electronic Arts,Nighthawk Interactive,1
Electronic Arts,Ravenscourt,1
Electronic Arts,Alternative Software,1
Electronic Arts,Sold Out,2
Electronic Arts,Team17 Software,1
Electronic Arts,Ready at Dawn,1
Electronic Arts,Games Workshop,1
Electronic Arts,Wired Productions,1
Electronic Arts,Introversion Software,1
Electronic Arts,Tecmo Koei,2
Electronic Arts,Square Enix,2
Electronic Arts,TopWare Interactive,1
Electronic Arts,Astragon,1
Electronic Arts,Take-Two Interactive,1
Electronic Arts,GameTrust,1
Electronic Arts,Capcom,5
Electronic Arts,Stainless Games,1
Electronic Arts,Bandai Namco Games,3
Electronic Arts,Gun Media,1
Electronic Arts,2K Sports,1
Electronic Arts,Rebellion,1
Electronic Arts,Sinxsoft,1
Electronic Arts,Insomniac Games,1
Electronic Arts,Codemasters,1
Electronic Arts,Moss,1
Electronic Arts,Bandai Namco Entertainment,1
Electronic Arts,Tru Blu Entertainment,1
Electronic Arts,GameMill Entertainment,1
Electronic Arts,Koei Tecmo,1
Electronic Arts,Yacht Club Games,1
Electronic Arts,Konami Digital Entertainment,2
Electronic Arts,Snail Game,1
Electronic Arts,Ubisoft,7
Electronic Arts,Namco Bandai Games,6
Electronic Arts,GameMill,3
Electronic Arts,BioWare,1
Electronic Arts,Versus Evil,1
Electronic Arts,City Interactive,1
Electronic Arts,Focus Home Interactive,5
Electronic Arts,2K Games,2
Electronic Arts,Microsoft Game Studios,1
Electronic Arts,Warner Bros. Interactive Entertainment,4
Electronic Arts,THQ Nordic,5
Electronic Arts,Frontier Developments,1
Electronic Arts,Koch Media,6
Electronic Arts,Bigben Interactive,3
Electronic Arts,PlatinumGames,1
Electronic Arts,EA Sports,1
Electronic Arts,505 Games,7
Electronic Arts,Deep Silver,5
Electronic Arts,Gearbox Software,2
Electronic Arts,Soedesco,4
Electronic Arts,Telltale Games,1
Electronic Arts,PQube,2
Electronic Arts,Dusenberry Martin Racing,1
Electronic Arts,Milestone S.r.l.,1
Electronic Arts,Techland,2
Electronic Arts,Disney Interactive Studios,1
Electronic Arts,Big Ben Interactive,1
Electronic Arts,Outright Games,1
Electronic Arts,Milestone S.r.l,1
Electronic Arts,Blizzard Entertainment,2
Electronic Arts,MLB.com,1
Electronic Arts,Unknown,2
Electronic Arts,11 bit studios,1
Bethesda Softworks,Triangle Service,1
Bethesda Softworks,Level 5,1
Bethesda Softworks,Paradox InteractiveÊ,1
Bethesda Softworks,Maximum Games,2
Bethesda Softworks,Rebellion Developments,1
Bethesda Softworks,5pb,1
Bethesda Softworks,Little Orbit,1
Bethesda Softworks,Tripwire Interactive,1
Bethesda Softworks,Majesco Entertainment,1
Bethesda Softworks,Kalypso Media,1
Bethesda Softworks,Experience Inc.,1
Bethesda Softworks,Devolver Digital,1
Bethesda Softworks,Sold Out,1
Bethesda Softworks,Ready at Dawn,1
Bethesda Softworks,Games Workshop,1
Bethesda Softworks,Team17 Software,1
Bethesda Softworks,Wired Productions,1
Bethesda Softworks,Tecmo Koei,1
Bethesda Softworks,Square Enix,3
Bethesda Softworks,TopWare Interactive,1
Bethesda Softworks,Astragon,1
Bethesda Softworks,Atari,1
Bethesda Softworks,GameTrust,1
Bethesda Softworks,Capcom,3
Bethesda Softworks,Stainless Games,2
Bethesda Softworks,Bandai Namco Games,2
Bethesda Softworks,Gun Media,1
Bethesda Softworks,Rebellion,1
Bethesda Softworks,Sinxsoft,1
Bethesda Softworks,Insomniac Games,1
Bethesda Softworks,Moss,1
Bethesda Softworks,Bandai Namco Entertainment,1
Bethesda Softworks,Renegade Kid,1
Bethesda Softworks,GameMill Entertainment,1
Bethesda Softworks,Wizards of the Coast,1
Bethesda Softworks,Koei Tecmo,1
Bethesda Softworks,Konami Digital Entertainment,1
Bethesda Softworks,Snail Game,1
Bethesda Softworks,Ubisoft,4
Bethesda Softworks,GameMill,1
Bethesda Softworks,Namco Bandai Games,2
Bethesda Softworks,BioWare,1
Bethesda Softworks,Versus Evil,1
Bethesda Softworks,City Interactive,1
Bethesda Softworks,Focus Home Interactive,4
Bethesda Softworks,2K Games,1
Bethesda Softworks,Microsoft Game Studios,2
Bethesda Softworks,Warner Bros. Interactive Entertainment,2
Bethesda Softworks,THQ Nordic,2
Bethesda Softworks,Koch Media,2
Bethesda Softworks,Bigben Interactive,1
Bethesda Softworks,PlatinumGames,1
Bethesda Softworks,505 Games,3
Bethesda Softworks,Deep Silver,3
Bethesda Softworks,Gearbox Software,2
Bethesda Softworks,Soedesco,3
Bethesda Softworks,Telltale Games,2
Bethesda Softworks,Techland,1
Bethesda Softworks,Disney Interactive Studios,1
Bethesda Softworks,Outright Games,1
Bethesda Softworks,Blizzard Entertainment,2
Bethesda Softworks,MLB.com,1
Bethesda Softworks,Unknown,3
Bethesda Softworks,11 bit studios,1
Ubisoft,Sega,2
Ubisoft,Triangle Service,1
Ubisoft,Level 5,1
Ubisoft,Nordic Games,2
Ubisoft,Paradox InteractiveÊ,1
Ubisoft,Maximum Games,4
Ubisoft,Rebellion Developments,1
Ubisoft,Milestone,1
Ubisoft,5pb,1
Ubisoft,Little Orbit,1
Ubisoft,Tripwire Interactive,1
Ubisoft,Majesco Entertainment,1
Ubisoft,Kalypso Media,2
Ubisoft,Experience Inc.,1
Ubisoft,Devolver Digital,1
Ubisoft,Harmonix Music Systems,1
Ubisoft,Nighthawk Interactive,2
Ubisoft,Ravenscourt,1
Ubisoft,Alternative Software,1
Ubisoft,Studio Wildcard,1
Ubisoft,Sold Out,2
Ubisoft,Team17 Software,1
Ubisoft,Ready at Dawn,1
Ubisoft,Games Workshop,1
Ubisoft,Wired Productions,1
Ubisoft,Tecmo Koei,2
Ubisoft,Square Enix,4
Ubisoft,TopWare Interactive,1
Ubisoft,Astragon,1
Ubisoft,Take-Two Interactive,1
Ubisoft,Atari,1
Ubisoft,GameTrust,1
Ubisoft,Capcom,6
Ubisoft,Stainless Games,2
Ubisoft,Bandai Namco Games,3
Ubisoft,Gun Media,1
Ubisoft,2K Sports,1
Ubisoft,Rebellion,1
Ubisoft,Sinxsoft,1
Ubisoft,Insomniac Games,1
Ubisoft,Codemasters,1
Ubisoft,Moss,1
Ubisoft,Bandai Namco Entertainment,1
Ubisoft,Renegade Kid,1
Ubisoft,Tru Blu Entertainment,1
Ubisoft,GameMill Entertainment,1
Ubisoft,Wizards of the Coast,1
Ubisoft,Koei Tecmo,1
Ubisoft,Yacht Club Games,1
Ubisoft,Konami Digital Entertainment,3
Ubisoft,Snail Game,1
Ubisoft,Namco Bandai Games,5
Ubisoft,GameMill,2
Ubisoft,BioWare,1
Ubisoft,Versus Evil,1
Ubisoft,City Interactive,1
Ubisoft,Focus Home Interactive,5
Ubisoft,2K Games,3
Ubisoft,Microsoft Game Studios,2
Ubisoft,Warner Bros. Interactive Entertainment,6
Ubisoft,THQ Nordic,6
Ubisoft,Koch Media,5
Ubisoft,Bigben Interactive,3
Ubisoft,PlatinumGames,1
Ubisoft,EA Sports,1
Ubisoft,505 Games,6
Ubisoft,Deep Silver,4
Ubisoft,Gearbox Software,3
Ubisoft,Soedesco,4
Ubisoft,Telltale Games,2
Ubisoft,PQube,2
Ubisoft,Dusenberry Martin Racing,1
Ubisoft,Milestone S.r.l.,1
Ubisoft,Techland,1
Ubisoft,Disney Interactive Studios,3
Ubisoft,Big Ben Interactive,1
Ubisoft,Outright Games,1
Ubisoft,Milestone S.r.l,1
Ubisoft,Blizzard Entertainment,2
Ubisoft,MLB.com,2
Ubisoft,Unknown,3
Ubisoft,11 bit studios,1
EA Sports,2K Sports,1
EA Sports,Ravenscourt,1
EA Sports,Alternative Software,1
EA Sports,Nordic Games,1
EA Sports,Maximum Games,1
EA Sports,Koch Media,1
EA Sports,Bigben Interactive,1
EA Sports,Tru Blu Entertainment,1
EA Sports,505 Games,1
EA Sports,Take-Two Interactive,1
EA Sports,Konami Digital Entertainment,1
EA Sports,Big Ben Interactive,1
EA Sports,Focus Home Interactive,1
EA Sports,2K Games,1
EA Sports,MLB.com,1
Blizzard Entertainment,Triangle Service,1
Blizzard Entertainment,Rebellion,1
Blizzard Entertainment,Sinxsoft,1
Blizzard Entertainment,Paradox InteractiveÊ,1
Blizzard Entertainment,Maximum Games,1
Blizzard Entertainment,Rebellion Developments,1
Blizzard Entertainment,GameMill Entertainment,1
Blizzard Entertainment,GameMill,1
Blizzard Entertainment,Namco Bandai Games,1
Blizzard Entertainment,Tripwire Interactive,1
Blizzard Entertainment,City Interactive,1
Blizzard Entertainment,Focus Home Interactive,2
Blizzard Entertainment,2K Games,1
Blizzard Entertainment,Experience Inc.,1
Blizzard Entertainment,Microsoft Game Studios,1
Blizzard Entertainment,Devolver Digital,1
Blizzard Entertainment,THQ Nordic,1
Blizzard Entertainment,Koch Media,1
Blizzard Entertainment,Bigben Interactive,1
Blizzard Entertainment,Square Enix,1
Blizzard Entertainment,505 Games,2
Blizzard Entertainment,TopWare Interactive,1
Blizzard Entertainment,Astragon,1
Blizzard Entertainment,Deep Silver,2
Blizzard Entertainment,Gearbox Software,1
Blizzard Entertainment,Soedesco,2
Blizzard Entertainment,Techland,1
Blizzard Entertainment,Capcom,2
Blizzard Entertainment,Bandai Namco Games,1
Blizzard Entertainment,Unknown,1
2K Sports,Ravenscourt,1
2K Sports,Alternative Software,1
2K Sports,Nordic Games,1
2K Sports,Maximum Games,1
2K Sports,Koch Media,1
2K Sports,Bigben Interactive,1
2K Sports,Tru Blu Entertainment,1
2K Sports,505 Games,1
2K Sports,Take-Two Interactive,1
2K Sports,Konami Digital Entertainment,1
2K Sports,Big Ben Interactive,1
2K Sports,Focus Home Interactive,1
2K Sports,2K Games,1
2K Sports,MLB.com,1
Warner Bros. Interactive Entertainment,Sega,2
Warner Bros. Interactive Entertainment,Level 5,1
Warner Bros. Interactive Entertainment,Nordic Games,2
Warner Bros. Interactive Entertainment,Maximum Games,2
Warner Bros. Interactive Entertainment,Milestone,1
Warner Bros. Interactive Entertainment,5pb,1
Warner Bros. Interactive Entertainment,Grey Box,1
Warner Bros. Interactive Entertainment,Little Orbit,1
Warner Bros. Interactive Entertainment,Microids,1
Warner Bros. Interactive Entertainment,Majesco Entertainment,1
Warner Bros. Interactive Entertainment,Ice-pick Lodge,1
Warner Bros. Interactive Entertainment,Kalypso Media,2
Warner Bros. Interactive Entertainment,Nighthawk Interactive,1
Warner Bros. Interactive Entertainment,Studio Wildcard,1
Warner Bros. Interactive Entertainment,Sold Out,2
Warner Bros. Interactive Entertainment,Ready at Dawn,1
Warner Bros. Interactive Entertainment,Games Workshop,1
Warner Bros. Interactive Entertainment,Team17 Software,1
Warner Bros. Interactive Entertainment,Wired Productions,1
Warner Bros. Interactive Entertainment,Tecmo Koei,2
Warner Bros. Interactive Entertainment,Square Enix,4
Warner Bros. Interactive Entertainment,Atari,1
Warner Bros. Interactive Entertainment,GameTrust,1
Warner Bros. Interactive Entertainment,Capcom,4
Warner Bros. Interactive Entertainment,Stainless Games,2
Warner Bros. Interactive Entertainment,Bandai Namco Games,2
Warner Bros. Interactive Entertainment,Gun Media,1
Warner Bros. Interactive Entertainment,Insomniac Games,1
Warner Bros. Interactive Entertainment,Codemasters,1
Warner Bros. Interactive Entertainment,Moss,1
Warner Bros. Interactive Entertainment,Mojang,1
Warner Bros. Interactive Entertainment,Bandai Namco Entertainment,1
Warner Bros. Interactive Entertainment,Renegade Kid,1
Warner Bros. Interactive Entertainment,Wizards of the Coast,1
Warner Bros. Interactive Entertainment,Koei Tecmo,1
Warner Bros. Interactive Entertainment,Konami Digital Entertainment,2
Warner Bros. Interactive Entertainment,Snail Game,1
Warner Bros. Interactive Entertainment,Namco Bandai Games,4
Warner Bros. Interactive Entertainment,GameMill,1
Warner Bros. Interactive Entertainment,BioWare,1
Warner Bros. Interactive Entertainment,Versus Evil,1
Warner Bros. Interactive Entertainment,Focus Home Interactive,3
Warner Bros. Interactive Entertainment,Revolution Software,1
Warner Bros. Interactive Entertainment,2K Games,1
Warner Bros. Interactive Entertainment,Microsoft Game Studios,1
Warner Bros. Interactive Entertainment,THQ Nordic,5
Warner Bros. Interactive Entertainment,Koch Media,3
Warner Bros. Interactive Entertainment,Bigben Interactive,2
Warner Bros. Interactive Entertainment,PlatinumGames,1
Warner Bros. Interactive Entertainment,505 Games,4
Warner Bros. Interactive Entertainment,Deep Silver,2
Warner Bros. Interactive Entertainment,Gearbox Software,2
Warner Bros. Interactive Entertainment,Unknown,3
Warner Bros. Interactive Entertainment,Soedesco,2
Warner Bros. Interactive Entertainment,Telltale Games,3
Warner Bros. Interactive Entertainment,PQube,2
Warner Bros. Interactive Entertainment,Dusenberry Martin Racing,1
Warner Bros. Interactive Entertainment,Milestone S.r.l.,1
Warner Bros. Interactive Entertainment,Disney Interactive Studios,2
Warner Bros. Interactive Entertainment,Outright Games,1
Warner Bros. Interactive Entertainment,Milestone S.r.l,1
Warner Bros. Interactive Entertainment,MLB.com,1
Warner Bros. Interactive Entertainment,Yacht Club Games,1
Warner Bros. Interactive Entertainment,11 bit studios,1
Namco Bandai Games,Sega,1
Namco Bandai Games,Paradox InteractiveÊ,1
Namco Bandai Games,Maximum Games,2
Namco Bandai Games,Milestone,1
Namco Bandai Games,Little Orbit,1
Namco Bandai Games,UIG Entertainment,1
Namco Bandai Games,Kalypso Media,2
Namco Bandai Games,Experience Inc.,1
Namco Bandai Games,Nighthawk Interactive,1
Namco Bandai Games,Sold Out,2
Namco Bandai Games,Ready at Dawn,1
Namco Bandai Games,Games Workshop,1
Namco Bandai Games,Team17 Software,1
Namco Bandai Games,Wired Productions,1
Namco Bandai Games,Introversion Software,1
Namco Bandai Games,Tecmo Koei,2
Namco Bandai Games,Square Enix,2
Namco Bandai Games,TopWare Interactive,1
Namco Bandai Games,GameTrust,1
Namco Bandai Games,Capcom,4
Namco Bandai Games,Stainless Games,1
Namco Bandai Games,Bandai Namco Games,2
Namco Bandai Games,Gun Media,1
Namco Bandai Games,Sinxsoft,1
Namco Bandai Games,Insomniac Games,1
Namco Bandai Games,Codemasters,1
Namco Bandai Games,Moss,1
Namco Bandai Games,Bandai Namco Entertainment,1
Namco Bandai Games,Koei Tecmo,1
Namco Bandai Games,Konami Digital Entertainment,1
Namco Bandai Games,Snail Game,1
Namco Bandai Games,GameMill,2
Namco Bandai Games,BioWare,1
Namco Bandai Games,Versus Evil,1
Namco Bandai Games,Focus Home Interactive,3
Namco Bandai Games,THQ Nordic,5
Namco Bandai Games,Frontier Developments,1
Namco Bandai Games,Koch Media,5
Namco Bandai Games,Bigben Interactive,1
Namco Bandai Games,PlatinumGames,1
Namco Bandai Games,505 Games,5
Namco Bandai Games,Deep Silver,4
Namco Bandai Games,Gearbox Software,1
Namco Bandai Games,Unknown,2
Namco Bandai Games,Soedesco,3
Namco Bandai Games,Telltale Games,1
Namco Bandai Games,PQube,2
Namco Bandai Games,Dusenberry Martin Racing,1
Namco Bandai Games,Milestone S.r.l.,1
Namco Bandai Games,Techland,2
Namco Bandai Games,Disney Interactive Studios,1
Namco Bandai Games,Outright Games,1
Namco Bandai Games,Milestone S.r.l,1
Namco Bandai Games,Yacht Club Games,1
Namco Bandai Games,11 bit studios,1
Square Enix,Sega,1
Square Enix,Level 5,1
Square Enix,Nordic Games,2
Square Enix,Paradox InteractiveÊ,1
Square Enix,Maximum Games,1
Square Enix,5pb,1
Square Enix,Grey Box,1
Square Enix,Little Orbit,1
Square Enix,Microids,1
Square Enix,Majesco Entertainment,1
Square Enix,Ice-pick Lodge,1
Square Enix,Kalypso Media,2
Square Enix,Experience Inc.,1
Square Enix,Studio Wildcard,1
Square Enix,Sold Out,1
Square Enix,Ready at Dawn,1
Square Enix,Games Workshop,1
Square Enix,Team17 Software,1
Square Enix,Wired Productions,1
Square Enix,Tecmo Koei,1
Square Enix,TopWare Interactive,1
Square Enix,Atari,1
Square Enix,GameTrust,1
Square Enix,Capcom,3
Square Enix,Stainless Games,2
Square Enix,Bandai Namco Games,1
Square Enix,Gun Media,1
Square Enix,Sinxsoft,1
Square Enix,Insomniac Games,1
Square Enix,Moss,1
Square Enix,Bandai Namco Entertainment,1
Square Enix,Mojang,1
Square Enix,Renegade Kid,1
Square Enix,Wizards of the Coast,1
Square Enix,Koei Tecmo,1
Square Enix,Konami Digital Entertainment,2
Square Enix,Snail Game,1
Square Enix,BioWare,1
Square Enix,Versus Evil,1
Square Enix,Focus Home Interactive,4
Square Enix,Revolution Software,1
Square Enix,2K Games,1
Square Enix,Microsoft Game Studios,1
Square Enix,THQ Nordic,4
Square Enix,Koch Media,2
Square Enix,Bigben Interactive,1
Square Enix,PlatinumGames,1
Square Enix,505 Games,3
Square Enix,Deep Silver,2
Square Enix,Gearbox Software,2
Square Enix,Soedesco,3
Square Enix,Telltale Games,3
Square Enix,Techland,1
Square Enix,Disney Interactive Studios,2
Square Enix,Outright Games,1
Square Enix,MLB.com,1
Square Enix,Unknown,4
Square Enix,11 bit studios,1
505 Games,Sega,2
505 Games,Triangle Service,1
505 Games,Nordic Games,2
505 Games,Paradox InteractiveÊ,1
505 Games,Maximum Games,4
505 Games,Rebellion Developments,1
505 Games,Milestone,1
505 Games,Grey Box,1
505 Games,Little Orbit,1
505 Games,UIG Entertainment,1
505 Games,Microids,1
505 Games,Tripwire Interactive,1
505 Games,Ice-pick Lodge,1
505 Games,Kalypso Media,3
505 Games,Experience Inc.,1
505 Games,Devolver Digital,1
505 Games,Nighthawk Interactive,1
505 Games,Ravenscourt,1
505 Games,Alternative Software,1
505 Games,Sold Out,2
505 Games,Team17 Software,1
505 Games,Ready at Dawn,1
505 Games,Games Workshop,1
505 Games,Wired Productions,1
505 Games,Introversion Software,1
505 Games,Tecmo Koei,1
505 Games,TopWare Interactive,1
505 Games,Astragon,1
505 Games,Take-Two Interactive,1
505 Games,GameTrust,1
505 Games,Capcom,4
505 Games,Stainless Games,1
505 Games,Bandai Namco Games,3
505 Games,Gun Media,1
505 Games,Rebellion,1
505 Games,Sinxsoft,1
505 Games,Insomniac Games,1
505 Games,Codemasters,1
505 Games,Moss,1
505 Games,Mojang,1
505 Games,Bandai Namco Entertainment,1
505 Games,Tru Blu Entertainment,1
505 Games,GameMill Entertainment,1
505 Games,Koei Tecmo,1
505 Games,Yacht Club Games,1
505 Games,Konami Digital Entertainment,2
505 Games,Snail Game,1
505 Games,GameMill,3
505 Games,BioWare,1
505 Games,Versus Evil,1
505 Games,City Interactive,1
505 Games,Focus Home Interactive,6
505 Games,2K Games,2
505 Games,Revolution Software,1
505 Games,Microsoft Game Studios,1
505 Games,THQ Nordic,6
505 Games,Frontier Developments,1
505 Games,Koch Media,6
505 Games,Bigben Interactive,4
505 Games,PlatinumGames,1
505 Games,Deep Silver,5
505 Games,Gearbox Software,2
505 Games,Soedesco,4
505 Games,Telltale Games,2
505 Games,PQube,1
505 Games,Dusenberry Martin Racing,1
505 Games,Milestone S.r.l.,1
505 Games,Techland,2
505 Games,Disney Interactive Studios,1
505 Games,Big Ben Interactive,1
505 Games,Outright Games,1
505 Games,Milestone S.r.l,1
505 Games,MLB.com,1
505 Games,Unknown,3
505 Games,11 bit studios,1
2K Games,Triangle Service,1
2K Games,Rebellion,1
2K Games,Nordic Games,3
2K Games,Maximum Games,2
2K Games,Rebellion Developments,1
2K Games,Tru Blu Entertainment,1
2K Games,GameMill Entertainment,1
2K Games,Team17 Digital Ltd,1
2K Games,UIG Entertainment,1
2K Games,Konami Digital Entertainment,2
2K Games,GameMill,1
2K Games,Tripwire Interactive,1
2K Games,City Interactive,1
2K Games,Focus Home Interactive,2
2K Games,Kalypso Media,1
2K Games,Microsoft Game Studios,1
2K Games,Devolver Digital,1
2K Games,THQ Nordic,2
2K Games,Ravenscourt,1
2K Games,Studio Wildcard,1
2K Games,Alternative Software,1
2K Games,Sold Out,1
2K Games,Koch Media,1
2K Games,Bigben Interactive,2
2K Games,System 3,1
2K Games,Deep Silver,1
2K Games,Gearbox Software,2
2K Games,Take-Two Interactive,1
2K Games,Astragon,1
2K Games,Soedesco,3
2K Games,Disney Interactive Studios,1
2K Games,Capcom,2
2K Games,Big Ben Interactive,1
2K Games,MLB.com,1
2K Games,Unknown,1
2K Games,Bandai Namco Games,1
Capcom,Sega,1
Capcom,Triangle Service,1
Capcom,Nordic Games,1
Capcom,Paradox InteractiveÊ,1
Capcom,Maximum Games,2
Capcom,Rebellion Developments,1
Capcom,Little Orbit,1
Capcom,Tripwire Interactive,1
Capcom,Kalypso Media,1
Capcom,Experience Inc.,1
Capcom,Devolver Digital,1
Capcom,Studio Wildcard,1
Capcom,Sold Out,2
Capcom,Ready at Dawn,1
Capcom,Games Workshop,1
Capcom,Team17 Software,1
Capcom,Wired Productions,1
Capcom,Tecmo Koei,2
Capcom,TopWare Interactive,1
Capcom,Astragon,1
Capcom,GameTrust,1
Capcom,Stainless Games,1
Capcom,Bandai Namco Games,2
Capcom,Gun Media,1
Capcom,Rebellion,1
Capcom,Sinxsoft,1
Capcom,Insomniac Games,1
Capcom,Moss,1
Capcom,Bandai Namco Entertainment,1
Capcom,GameMill Entertainment,1
Capcom,Koei Tecmo,1
Capcom,Konami Digital Entertainment,2
Capcom,Snail Game,1
Capcom,GameMill,1
Capcom,BioWare,1
Capcom,Versus Evil,1
Capcom,City Interactive,1
Capcom,Focus Home Interactive,3
Capcom,Microsoft Game Studios,1
Capcom,THQ Nordic,4
Capcom,Koch Media,3
Capcom,Bigben Interactive,1
Capcom,PlatinumGames,1
Capcom,Deep Silver,4
Capcom,Gearbox Software,3
Capcom,Unknown,2
Capcom,Soedesco,4
Capcom,Telltale Games,1
Capcom,PQube,1
Capcom,Techland,1
Capcom,Disney Interactive Studios,2
Capcom,Outright Games,1
Capcom,Yacht Club Games,1
Capcom,11 bit studios,1
Konami Digital Entertainment,Nordic Games,2
Konami Digital Entertainment,Maximum Games,2
Konami Digital Entertainment,Insomniac Games,1
Konami Digital Entertainment,Moss,1
Konami Digital Entertainment,Bandai Namco Entertainment,1
Konami Digital Entertainment,Tru Blu Entertainment,1
Konami Digital Entertainment,Little Orbit,1
Konami Digital Entertainment,Koei Tecmo,1
Konami Digital Entertainment,Snail Game,1
Konami Digital Entertainment,BioWare,1
Konami Digital Entertainment,Versus Evil,1
Konami Digital Entertainment,Focus Home Interactive,2
Konami Digital Entertainment,Kalypso Media,1
Konami Digital Entertainment,THQ Nordic,2
Konami Digital Entertainment,Ravenscourt,1
Konami Digital Entertainment,Studio Wildcard,1
Konami Digital Entertainment,Alternative Software,1
Konami Digital Entertainment,Sold Out,1
Konami Digital Entertainment,Koch Media,2
Konami Digital Entertainment,Ready at Dawn,1
Konami Digital Entertainment,Bigben Interactive,1
Konami Digital Entertainment,Games Workshop,1
Konami Digital Entertainment,Team17 Software,1
Konami Digital Entertainment,Wired Productions,1
Konami Digital Entertainment,PlatinumGames,1
Konami Digital Entertainment,Tecmo Koei,1
Konami Digital Entertainment,Deep Silver,1
Konami Digital Entertainment,Gearbox Software,2
Konami Digital Entertainment,Take-Two Interactive,1
Konami Digital Entertainment,Soedesco,2
Konami Digital Entertainment,Telltale Games,1
Konami Digital Entertainment,GameTrust,1
Konami Digital Entertainment,Disney Interactive Studios,2
Konami Digital Entertainment,Big Ben Interactive,1
Konami Digital Entertainment,Stainless Games,1
Konami Digital Entertainment,Outright Games,1
Konami Digital Entertainment,MLB.com,1
Konami Digital Entertainment,Unknown,1
Konami Digital Entertainment,Gun Media,1
Konami Digital Entertainment,Bandai Namco Games,1
Konami Digital Entertainment,11 bit studios,1
Mojang,Sega,1
Mojang,THQ Nordic,1
Mojang,Nordic Games,1
Mojang,Bigben Interactive,1
Mojang,Grey Box,1
Mojang,Telltale Games,1
Mojang,Microids,1
Mojang,Focus Home Interactive,1
Mojang,Kalypso Media,1
Mojang,Revolution Software,1
Mojang,Ice-pick Lodge,1
Mojang,Unknown,1
Gearbox Software,Triangle Service,1
Gearbox Software,Rebellion,1
Gearbox Software,Nordic Games,1
Gearbox Software,Maximum Games,2
Gearbox Software,Insomniac Games,1
Gearbox Software,Moss,1
Gearbox Software,Bandai Namco Entertainment,1
Gearbox Software,Rebellion Developments,1
Gearbox Software,GameMill Entertainment,1
Gearbox Software,Little Orbit,1
Gearbox Software,Koei Tecmo,1
Gearbox Software,Snail Game,1
Gearbox Software,GameMill,1
Gearbox Software,BioWare,1
Gearbox Software,Tripwire Interactive,1
Gearbox Software,Versus Evil,1
Gearbox Software,City Interactive,1
Gearbox Software,Focus Home Interactive,2
Gearbox Software,Kalypso Media,1
Gearbox Software,Microsoft Game Studios,1
Gearbox Software,Devolver Digital,1
Gearbox Software,THQ Nordic,2
Gearbox Software,Studio Wildcard,1
Gearbox Software,Sold Out,1
Gearbox Software,Koch Media,1
Gearbox Software,Ready at Dawn,1
Gearbox Software,Games Workshop,1
Gearbox Software,Team17 Software,1
Gearbox Software,Bigben Interactive,1
Gearbox Software,Wired Productions,1
Gearbox Software,PlatinumGames,1
Gearbox Software,Tecmo Koei,1
Gearbox Software,Deep Silver,2
Gearbox Software,Astragon,1
Gearbox Software,Soedesco,3
Gearbox Software,Telltale Games,1
Gearbox Software,GameTrust,1
Gearbox Software,Disney Interactive Studios,2
Gearbox Software,Stainless Games,1
Gearbox Software,Outright Games,1
Gearbox Software,Bandai Namco Games,2
Gearbox Software,Unknown,1
Gearbox Software,Gun Media,1
Gearbox Software,11 bit studios,1
Harmonix Music Systems,THQ Nordic,1
Harmonix Music Systems,Disney Interactive Studios,1
Take-Two Interactive,Ravenscourt,1
Take-Two Interactive,Alternative Software,1
Take-Two Interactive,Nordic Games,1
Take-Two Interactive,Maximum Games,1
Take-Two Interactive,Koch Media,1
Take-Two Interactive,Bigben Interactive,1
Take-Two Interactive,Tru Blu Entertainment,1
Take-Two Interactive,Big Ben Interactive,1
Take-Two Interactive,Focus Home Interactive,1
Take-Two Interactive,MLB.com,1
Disney Interactive Studios,Nordic Games,1
Disney Interactive Studios,Maximum Games,1
Disney Interactive Studios,Insomniac Games,1
Disney Interactive Studios,Moss,1
Disney Interactive Studios,Bandai Namco Entertainment,1
Disney Interactive Studios,Little Orbit,1
Disney Interactive Studios,Koei Tecmo,1
Disney Interactive Studios,Snail Game,1
Disney Interactive Studios,BioWare,1
Disney Interactive Studios,Versus Evil,1
Disney Interactive Studios,Focus Home Interactive,1
Disney Interactive Studios,Kalypso Media,1
Disney Interactive Studios,THQ Nordic,3
Disney Interactive Studios,Studio Wildcard,1
Disney Interactive Studios,Sold Out,1
Disney Interactive Studios,Koch Media,1
Disney Interactive Studios,Ready at Dawn,1
Disney Interactive Studios,Games Workshop,1
Disney Interactive Studios,Team17 Software,1
Disney Interactive Studios,Wired Productions,1
Disney Interactive Studios,PlatinumGames,1
Disney Interactive Studios,Tecmo Koei,1
Disney Interactive Studios,Deep Silver,1
Disney Interactive Studios,Soedesco,2
Disney Interactive Studios,Telltale Games,1
Disney Interactive Studios,GameTrust,1
Disney Interactive Studios,Stainless Games,1
Disney Interactive Studios,Outright Games,1
Disney Interactive Studios,Bandai Namco Games,1
Disney Interactive Studios,Unknown,1
Disney Interactive Studios,Gun Media,1
Disney Interactive Studios,11 bit studios,1
Sega,Nighthawk Interactive,1
Sega,THQ Nordic,2
Sega,Sold Out,1
Sega,Nordic Games,1
Sega,Koch Media,1
Sega,Bigben Interactive,1
Sega,Grey Box,1
Sega,Deep Silver,1
Sega,Unknown,1
Sega,Telltale Games,1
Sega,Microids,1
Sega,Focus Home Interactive,1
Sega,Kalypso Media,2
Sega,Revolution Software,1
Sega,Ice-pick Lodge,1
Sega,Yacht Club Games,1
Studio Wildcard,THQ Nordic,1
Studio Wildcard,Soedesco,1
Studio Wildcard,Nordic Games,1
Bandai Namco Games,Triangle Service,1
Bandai Namco Games,Maximum Games,3
Bandai Namco Games,Rebellion Developments,1
Bandai Namco Games,Milestone,1
Bandai Namco Games,Little Orbit,1
Bandai Namco Games,Tripwire Interactive,1
Bandai Namco Games,Kalypso Media,1
Bandai Namco Games,Devolver Digital,1
Bandai Namco Games,Nighthawk Interactive,1
Bandai Namco Games,Sold Out,1
Bandai Namco Games,Ready at Dawn,1
Bandai Namco Games,Games Workshop,1
Bandai Namco Games,Team17 Software,1
Bandai Namco Games,Wired Productions,1
Bandai Namco Games,Tecmo Koei,1
Bandai Namco Games,Astragon,1
Bandai Namco Games,GameTrust,1
Bandai Namco Games,Stainless Games,1
Bandai Namco Games,Gun Media,1
Bandai Namco Games,Rebellion,1
Bandai Namco Games,Insomniac Games,1
Bandai Namco Games,Moss,1
Bandai Namco Games,Bandai Namco Entertainment,1
Bandai Namco Games,Codemasters,1
Bandai Namco Games,GameMill Entertainment,1
Bandai Namco Games,Koei Tecmo,1
Bandai Namco Games,Snail Game,1
Bandai Namco Games,GameMill,2
Bandai Namco Games,BioWare,1
Bandai Namco Games,Versus Evil,1
Bandai Namco Games,City Interactive,1
Bandai Namco Games,Focus Home Interactive,2
Bandai Namco Games,Microsoft Game Studios,1
Bandai Namco Games,THQ Nordic,2
Bandai Namco Games,Koch Media,2
Bandai Namco Games,Bigben Interactive,2
Bandai Namco Games,PlatinumGames,1
Bandai Namco Games,Deep Silver,2
Bandai Namco Games,Soedesco,2
Bandai Namco Games,Telltale Games,1
Bandai Namco Games,PQube,1
Bandai Namco Games,Dusenberry Martin Racing,1
Bandai Namco Games,Milestone S.r.l.,1
Bandai Namco Games,Outright Games,1
Bandai Namco Games,Milestone S.r.l,1
Bandai Namco Games,Unknown,1
Bandai Namco Games,11 bit studios,1
Focus Home Interactive,Triangle Service,1
Focus Home Interactive,Level 5,1
Focus Home Interactive,Nordic Games,2
Focus Home Interactive,Paradox InteractiveÊ,1
Focus Home Interactive,Maximum Games,3
Focus Home Interactive,Rebellion Developments,1
Focus Home Interactive,5pb,1
Focus Home Interactive,Grey Box,1
Focus Home Interactive,Little Orbit,1
Focus Home Interactive,UIG Entertainment,1
Focus Home Interactive,Microids,1
Focus Home Interactive,Tripwire Interactive,1
Focus Home Interactive,Majesco Entertainment,1
Focus Home Interactive,Ice-pick Lodge,1
Focus Home Interactive,Kalypso Media,3
Focus Home Interactive,Experience Inc.,1
Focus Home Interactive,Devolver Digital,1
Focus Home Interactive,Ravenscourt,1
Focus Home Interactive,Alternative Software,1
Focus Home Interactive,Sold Out,1
Focus Home Interactive,Team17 Software,1
Focus Home Interactive,Ready at Dawn,1
Focus Home Interactive,Games Workshop,1
Focus Home Interactive,Wired Productions,1
Focus Home Interactive,Introversion Software,1
Focus Home Interactive,Tecmo Koei,1
Focus Home Interactive,TopWare Interactive,1
Focus Home Interactive,Astragon,1
Focus Home Interactive,Atari,1
Focus Home Interactive,GameTrust,1
Focus Home Interactive,Stainless Games,2
Focus Home Interactive,Gun Media,1
Focus Home Interactive,Rebellion,1
Focus Home Interactive,Sinxsoft,1
Focus Home Interactive,Insomniac Games,1
Focus Home Interactive,Moss,1
Focus Home Interactive,Bandai Namco Entertainment,1
Focus Home Interactive,Renegade Kid,1
Focus Home Interactive,Tru Blu Entertainment,1
Focus Home Interactive,GameMill Entertainment,1
Focus Home Interactive,Wizards of the Coast,1
Focus Home Interactive,Koei Tecmo,1
Focus Home Interactive,Snail Game,1
Focus Home Interactive,GameMill,2
Focus Home Interactive,BioWare,1
Focus Home Interactive,Versus Evil,1
Focus Home Interactive,City Interactive,1
Focus Home Interactive,Revolution Software,1
Focus Home Interactive,Microsoft Game Studios,2
Focus Home Interactive,THQ Nordic,4
Focus Home Interactive,Frontier Developments,1
Focus Home Interactive,Koch Media,4
Focus Home Interactive,Bigben Interactive,3
Focus Home Interactive,PlatinumGames,1
Focus Home Interactive,Deep Silver,4
Focus Home Interactive,Soedesco,4
Focus Home Interactive,Telltale Games,3
Focus Home Interactive,Techland,2
Focus Home Interactive,Big Ben Interactive,1
Focus Home Interactive,Outright Games,1
Focus Home Interactive,MLB.com,2
Focus Home Interactive,Unknown,4
Focus Home Interactive,11 bit studios,1
Deep Silver,Triangle Service,1
Deep Silver,Paradox InteractiveÊ,1
Deep Silver,Maximum Games,2
Deep Silver,Rebellion Developments,1
Deep Silver,Little Orbit,1
Deep Silver,UIG Entertainment,1
Deep Silver,Tripwire Interactive,1
Deep Silver,Kalypso Media,2
Deep Silver,Experience Inc.,1
Deep Silver,Devolver Digital,1
Deep Silver,Sold Out,2
Deep Silver,Ready at Dawn,1
Deep Silver,Games Workshop,1
Deep Silver,Team17 Software,1
Deep Silver,Wired Productions,1
Deep Silver,Introversion Software,1
Deep Silver,Tecmo Koei,1
Deep Silver,TopWare Interactive,1
Deep Silver,Astragon,1
Deep Silver,GameTrust,1
Deep Silver,Stainless Games,1
Deep Silver,Gun Media,1
Deep Silver,Rebellion,1
Deep Silver,Sinxsoft,1
Deep Silver,Insomniac Games,1
Deep Silver,Moss,1
Deep Silver,Bandai Namco Entertainment,1
Deep Silver,GameMill Entertainment,1
Deep Silver,Koei Tecmo,1
Deep Silver,Snail Game,1
Deep Silver,GameMill,2
Deep Silver,BioWare,1
Deep Silver,Versus Evil,1
Deep Silver,City Interactive,1
Deep Silver,Microsoft Game Studios,1
Deep Silver,THQ Nordic,4
Deep Silver,Frontier Developments,1
Deep Silver,Koch Media,4
Deep Silver,Bigben Interactive,1
Deep Silver,PlatinumGames,1
Deep Silver,Unknown,2
Deep Silver,Soedesco,4
Deep Silver,Telltale Games,1
Deep Silver,Techland,2
Deep Silver,Outright Games,1
Deep Silver,Yacht Club Games,1
Deep Silver,11 bit studios,1
Rebellion Developments,Triangle Service,1
Rebellion Developments,Rebellion,1
Rebellion Developments,Maximum Games,1
Rebellion Developments,Bigben Interactive,1
Rebellion Developments,GameMill Entertainment,1
Rebellion Developments,Astragon,1
Rebellion Developments,Soedesco,1
Rebellion Developments,GameMill,1
Rebellion Developments,Tripwire Interactive,1
Rebellion Developments,City Interactive,1
Rebellion Developments,Microsoft Game Studios,1
Rebellion Developments,Devolver Digital,1
Telltale Games,Level 5,1
Telltale Games,Nordic Games,1
Telltale Games,Maximum Games,1
Telltale Games,Renegade Kid,1
Telltale Games,Insomniac Games,1
Telltale Games,Moss,1
Telltale Games,Bandai Namco Entertainment,1
Telltale Games,5pb,1
Telltale Games,Grey Box,1
Telltale Games,Wizards of the Coast,1
Telltale Games,Little Orbit,1
Telltale Games,Koei Tecmo,1
Telltale Games,Snail Game,1
Telltale Games,Microids,1
Telltale Games,BioWare,1
Telltale Games,Majesco Entertainment,1
Telltale Games,Versus Evil,1
Telltale Games,Kalypso Media,2
Telltale Games,Revolution Software,1
Telltale Games,Ice-pick Lodge,1
Telltale Games,Microsoft Game Studios,1
Telltale Games,THQ Nordic,2
Telltale Games,Sold Out,1
Telltale Games,Koch Media,1
Telltale Games,Ready at Dawn,1
Telltale Games,Bigben Interactive,1
Telltale Games,Games Workshop,1
Telltale Games,Team17 Software,1
Telltale Games,Wired Productions,1
Telltale Games,PlatinumGames,1
Telltale Games,Tecmo Koei,1
Telltale Games,Atari,1
Telltale Games,Soedesco,1
Telltale Games,GameTrust,1
Telltale Games,Stainless Games,2
Telltale Games,Outright Games,1
Telltale Games,MLB.com,1
Telltale Games,Unknown,3
Telltale Games,Gun Media,1
Telltale Games,11 bit studios,1
Gun Media,Maximum Games,1
Gun Media,Insomniac Games,1
Gun Media,Moss,1
Gun Media,Bandai Namco Entertainment,1
Gun Media,Little Orbit,1
Gun Media,Koei Tecmo,1
Gun Media,Snail Game,1
Gun Media,BioWare,1
Gun Media,Versus Evil,1
Gun Media,Kalypso Media,1
Gun Media,THQ Nordic,1
Gun Media,Sold Out,1
Gun Media,Koch Media,1
Gun Media,Ready at Dawn,1
Gun Media,Games Workshop,1
Gun Media,Team17 Software,1
Gun Media,Wired Productions,1
Gun Media,PlatinumGames,1
Gun Media,Tecmo Koei,1
Gun Media,Soedesco,1
Gun Media,GameTrust,1
Gun Media,Stainless Games,1
Gun Media,Outright Games,1
Gun Media,Unknown,1
Gun Media,11 bit studios,1
Codemasters,Nighthawk Interactive,1
Codemasters,THQ Nordic,1
Codemasters,Maximum Games,1
Codemasters,Koch Media,1
Codemasters,Bigben Interactive,1
Codemasters,Milestone,1
Codemasters,PQube,1
Codemasters,Dusenberry Martin Racing,1
Codemasters,Milestone S.r.l.,1
Codemasters,GameMill,1
Codemasters,Milestone S.r.l,1
Majesco Entertainment,Level 5,1
Majesco Entertainment,Renegade Kid,1
Majesco Entertainment,5pb,1
Majesco Entertainment,Wizards of the Coast,1
Majesco Entertainment,Atari,1
Majesco Entertainment,Unknown,1
Majesco Entertainment,Stainless Games,1
Majesco Entertainment,MLB.com,1
Majesco Entertainment,Microsoft Game Studios,1
Koch Media,Nordic Games,1
Koch Media,Paradox InteractiveÊ,1
Koch Media,Maximum Games,3
Koch Media,Milestone,1
Koch Media,Little Orbit,1
Koch Media,UIG Entertainment,1
Koch Media,Kalypso Media,2
Koch Media,Experience Inc.,1
Koch Media,Nighthawk Interactive,1
Koch Media,Ravenscourt,1
Koch Media,Alternative Software,1
Koch Media,Sold Out,2
Koch Media,Ready at Dawn,1
Koch Media,Games Workshop,1
Koch Media,Team17 Software,1
Koch Media,Wired Productions,1
Koch Media,Introversion Software,1
Koch Media,Tecmo Koei,1
Koch Media,TopWare Interactive,1
Koch Media,GameTrust,1
Koch Media,Stainless Games,1
Koch Media,Sinxsoft,1
Koch Media,Insomniac Games,1
Koch Media,Moss,1
Koch Media,Bandai Namco Entertainment,1
Koch Media,Tru Blu Entertainment,1
Koch Media,Koei Tecmo,1
Koch Media,Snail Game,1
Koch Media,GameMill,2
Koch Media,BioWare,1
Koch Media,Versus Evil,1
Koch Media,THQ Nordic,5
Koch Media,Frontier Developments,1
Koch Media,Bigben Interactive,2
Koch Media,PlatinumGames,1
Koch Media,Unknown,2
Koch Media,Soedesco,3
Koch Media,PQube,1
Koch Media,Dusenberry Martin Racing,1
Koch Media,Milestone S.r.l.,1
Koch Media,Techland,2
Koch Media,Big Ben Interactive,1
Koch Media,Outright Games,1
Koch Media,Milestone S.r.l,1
Koch Media,MLB.com,1
Koch Media,Yacht Club Games,1
Koch Media,11 bit studios,1
Astragon,Triangle Service,1
Astragon,Rebellion,1
Astragon,Maximum Games,1
Astragon,Bigben Interactive,1
Astragon,GameMill Entertainment,1
Astragon,Soedesco,1
Astragon,GameMill,1
Astragon,Tripwire Interactive,1
Astragon,City Interactive,1
Astragon,Microsoft Game Studios,1
Astragon,Devolver Digital,1
City Interactive,Triangle Service,1
City Interactive,Rebellion,1
City Interactive,Maximum Games,1
City Interactive,Bigben Interactive,1
City Interactive,GameMill Entertainment,1
City Interactive,Soedesco,1
City Interactive,GameMill,1
City Interactive,Tripwire Interactive,1
City Interactive,Microsoft Game Studios,1
City Interactive,Devolver Digital,1
Sold Out,Nordic Games,1
Sold Out,Maximum Games,1
Sold Out,Insomniac Games,1
Sold Out,Moss,1
Sold Out,Bandai Namco Entertainment,1
Sold Out,Little Orbit,1
Sold Out,Koei Tecmo,1
Sold Out,Yacht Club Games,1
Sold Out,Team17 Digital Ltd,1
Sold Out,UIG Entertainment,1
Sold Out,Snail Game,1
Sold Out,BioWare,1
Sold Out,Versus Evil,1
Sold Out,Kalypso Media,2
Sold Out,THQ Nordic,3
Sold Out,Ready at Dawn,1
Sold Out,Games Workshop,1
Sold Out,Team17 Software,1
Sold Out,System 3,1
Sold Out,Wired Productions,1
Sold Out,PlatinumGames,1
Sold Out,Tecmo Koei,1
Sold Out,Soedesco,2
Sold Out,GameTrust,1
Sold Out,Stainless Games,1
Sold Out,Outright Games,1
Sold Out,Unknown,2
Sold Out,11 bit studios,1
Tecmo Koei,Maximum Games,1
Tecmo Koei,Insomniac Games,1
Tecmo Koei,Moss,1
Tecmo Koei,Bandai Namco Entertainment,1
Tecmo Koei,Little Orbit,1
Tecmo Koei,Koei Tecmo,1
Tecmo Koei,Snail Game,1
Tecmo Koei,BioWare,1
Tecmo Koei,Versus Evil,1
Tecmo Koei,Kalypso Media,1
Tecmo Koei,THQ Nordic,1
Tecmo Koei,Ready at Dawn,1
Tecmo Koei,Games Workshop,1
Tecmo Koei,Team17 Software,1
Tecmo Koei,Wired Productions,1
Tecmo Koei,PlatinumGames,1
Tecmo Koei,Soedesco,1
Tecmo Koei,PQube,1
Tecmo Koei,GameTrust,1
Tecmo Koei,Stainless Games,1
Tecmo Koei,Outright Games,1
Tecmo Koei,Unknown,1
Tecmo Koei,11 bit studios,1
Insomniac Games,Maximum Games,1
Insomniac Games,Moss,1
Insomniac Games,Bandai Namco Entertainment,1
Insomniac Games,Little Orbit,1
Insomniac Games,Koei Tecmo,1
Insomniac Games,Snail Game,1
Insomniac Games,BioWare,1
Insomniac Games,Versus Evil,1
Insomniac Games,Kalypso Media,1
Insomniac Games,THQ Nordic,1
Insomniac Games,Ready at Dawn,1
Insomniac Games,Games Workshop,1
Insomniac Games,Team17 Software,1
Insomniac Games,Wired Productions,1
Insomniac Games,PlatinumGames,1
Insomniac Games,Soedesco,1
Insomniac Games,GameTrust,1
Insomniac Games,Stainless Games,1
Insomniac Games,Outright Games,1
Insomniac Games,Unknown,1
Insomniac Games,11 bit studios,1
THQ Nordic,Nordic Games,3
THQ Nordic,Paradox InteractiveÊ,1
THQ Nordic,Maximum Games,2
THQ Nordic,Milestone,1
THQ Nordic,Grey Box,1
THQ Nordic,Little Orbit,1
THQ Nordic,UIG Entertainment,2
THQ Nordic,Microids,1
THQ Nordic,Ice-pick Lodge,1
THQ Nordic,Kalypso Media,4
THQ Nordic,Experience Inc.,1
THQ Nordic,Nighthawk Interactive,1
THQ Nordic,Ready at Dawn,1
THQ Nordic,Games Workshop,1
THQ Nordic,Team17 Software,1
THQ Nordic,Wired Productions,1
THQ Nordic,Introversion Software,1
THQ Nordic,TopWare Interactive,1
THQ Nordic,GameTrust,1
THQ Nordic,Stainless Games,1
THQ Nordic,Sinxsoft,1
THQ Nordic,Moss,1
THQ Nordic,Bandai Namco Entertainment,1
THQ Nordic,Team17 Digital Ltd,1
THQ Nordic,Koei Tecmo,1
THQ Nordic,Snail Game,1
THQ Nordic,GameMill,2
THQ Nordic,BioWare,1
THQ Nordic,Versus Evil,1
THQ Nordic,Revolution Software,1
THQ Nordic,Frontier Developments,1
THQ Nordic,Bigben Interactive,2
THQ Nordic,System 3,1
THQ Nordic,PlatinumGames,1
THQ Nordic,Unknown,4
THQ Nordic,Soedesco,5
THQ Nordic,PQube,1
THQ Nordic,Dusenberry Martin Racing,1
THQ Nordic,Milestone S.r.l.,1
THQ Nordic,Techland,2
THQ Nordic,Outright Games,1
THQ Nordic,Milestone S.r.l,1
THQ Nordic,Yacht Club Games,1
THQ Nordic,11 bit studios,1
Milestone S.r.l.,Nighthawk Interactive,1
Milestone S.r.l.,Maximum Games,1
Milestone S.r.l.,Bigben Interactive,1
Milestone S.r.l.,Milestone,1
Milestone S.r.l.,PQube,1
Milestone S.r.l.,Dusenberry Martin Racing,1
Milestone S.r.l.,GameMill,1
Milestone S.r.l.,Milestone S.r.l,1
Dusenberry Martin Racing,Nighthawk Interactive,1
Dusenberry Martin Racing,Maximum Games,1
Dusenberry Martin Racing,Bigben Interactive,1
Dusenberry Martin Racing,Milestone,1
Dusenberry Martin Racing,PQube,1
Dusenberry Martin Racing,GameMill,1
Dusenberry Martin Racing,Milestone S.r.l,1
Soedesco,Triangle Service,1
Soedesco,Nordic Games,2
Soedesco,Paradox InteractiveÊ,1
Soedesco,Maximum Games,2
Soedesco,Little Orbit,1
Soedesco,UIG Entertainment,2
Soedesco,Tripwire Interactive,1
Soedesco,Kalypso Media,3
Soedesco,Experience Inc.,1
Soedesco,Devolver Digital,1
Soedesco,Ready at Dawn,1
Soedesco,Games Workshop,1
Soedesco,Team17 Software,1
Soedesco,Wired Productions,1
Soedesco,Introversion Software,1
Soedesco,TopWare Interactive,1
Soedesco,GameTrust,1
Soedesco,Stainless Games,1
Soedesco,Rebellion,1
Soedesco,Sinxsoft,1
Soedesco,Moss,1
Soedesco,Bandai Namco Entertainment,1
Soedesco,GameMill Entertainment,1
Soedesco,Team17 Digital Ltd,1
Soedesco,Koei Tecmo,1
Soedesco,Snail Game,1
Soedesco,GameMill,2
Soedesco,BioWare,1
Soedesco,Versus Evil,1
Soedesco,Microsoft Game Studios,1
Soedesco,Frontier Developments,1
Soedesco,Bigben Interactive,1
Soedesco,System 3,1
Soedesco,PlatinumGames,1
Soedesco,Techland,2
Soedesco,Outright Games,1
Soedesco,Unknown,3
Soedesco,11 bit studios,1
Koei Tecmo,Maximum Games,1
Koei Tecmo,Moss,1
Koei Tecmo,Bandai Namco Entertainment,1
Koei Tecmo,Little Orbit,1
Koei Tecmo,Snail Game,1
Koei Tecmo,BioWare,1
Koei Tecmo,Versus Evil,1
Koei Tecmo,Kalypso Media,1
Koei Tecmo,Ready at Dawn,1
Koei Tecmo,Games Workshop,1
Koei Tecmo,Team17 Software,1
Koei Tecmo,Wired Productions,1
Koei Tecmo,PlatinumGames,1
Koei Tecmo,GameTrust,1
Koei Tecmo,Stainless Games,1
Koei Tecmo,Outright Games,1
Koei Tecmo,Unknown,1
Koei Tecmo,11 bit studios,1
Bigben Interactive,Triangle Service,1
Bigben Interactive,Rebellion,1
Bigben Interactive,Nordic Games,2
Bigben Interactive,Maximum Games,3
Bigben Interactive,Tru Blu Entertainment,1
Bigben Interactive,Milestone,1
Bigben Interactive,GameMill Entertainment,1
Bigben Interactive,Grey Box,1
Bigben Interactive,GameMill,2
Bigben Interactive,Microids,1
Bigben Interactive,Tripwire Interactive,1
Bigben Interactive,MLB.com,1
Bigben Interactive,Kalypso Media,1
Bigben Interactive,Revolution Software,1
Bigben Interactive,Microsoft Game Studios,1
Bigben Interactive,Ice-pick Lodge,1
Bigben Interactive,Devolver Digital,1
Bigben Interactive,Nighthawk Interactive,1
Bigben Interactive,Ravenscourt,1
Bigben Interactive,Alternative Software,1
Bigben Interactive,PQube,1
Bigben Interactive,Big Ben Interactive,1
Bigben Interactive,Milestone S.r.l,1
Bigben Interactive,Unknown,1
Milestone,Nighthawk Interactive,1
Milestone,Maximum Games,1
Milestone,PQube,1
Milestone,GameMill,1
Milestone,Milestone S.r.l,1
Milestone S.r.l,Nighthawk Interactive,1
Milestone S.r.l,Maximum Games,1
Milestone S.r.l,PQube,1
Milestone S.r.l,GameMill,1
Frontier Developments,UIG Entertainment,1
Frontier Developments,Techland,1
Frontier Developments,GameMill,1
Frontier Developments,Introversion Software,1
Frontier Developments,Kalypso Media,1
Nordic Games,Maximum Games,1
Nordic Games,Tru Blu Entertainment,1
Nordic Games,Grey Box,1
Nordic Games,Team17 Digital Ltd,1
Nordic Games,UIG Entertainment,1
Nordic Games,Microids,1
Nordic Games,Kalypso Media,2
Nordic Games,Revolution Software,1
Nordic Games,Ice-pick Lodge,1
Nordic Games,Ravenscourt,1
Nordic Games,Alternative Software,1
Nordic Games,System 3,1
Nordic Games,Big Ben Interactive,1
Nordic Games,MLB.com,1
Nordic Games,Unknown,2
PQube,Nighthawk Interactive,1
PQube,Maximum Games,1
PQube,GameMill,1
Ravenscourt,Alternative Software,1
Ravenscourt,Maximum Games,1
Ravenscourt,Tru Blu Entertainment,1
Ravenscourt,Big Ben Interactive,1
Ravenscourt,MLB.com,1
System 3,UIG Entertainment,1
System 3,Kalypso Media,1
System 3,Unknown,1
System 3,Team17 Digital Ltd,1
MLB.com,Level 5,1
MLB.com,Maximum Games,1
MLB.com,Renegade Kid,1
MLB.com,Tru Blu Entertainment,1
MLB.com,5pb,1
MLB.com,Wizards of the Coast,1
MLB.com,Microsoft Game Studios,1
MLB.com,Alternative Software,1
MLB.com,Atari,1
MLB.com,Stainless Games,1
MLB.com,Big Ben Interactive,1
MLB.com,Unknown,1
Little Orbit,Maximum Games,1
Little Orbit,Moss,1
Little Orbit,Bandai Namco Entertainment,1
Little Orbit,Snail Game,1
Little Orbit,BioWare,1
Little Orbit,Versus Evil,1
Little Orbit,Kalypso Media,1
Little Orbit,Ready at Dawn,1
Little Orbit,Games Workshop,1
Little Orbit,Team17 Software,1
Little Orbit,Wired Productions,1
Little Orbit,PlatinumGames,1
Little Orbit,GameTrust,1
Little Orbit,Stainless Games,1
Little Orbit,Outright Games,1
Little Orbit,Unknown,1
Little Orbit,11 bit studios,1
Atari,Level 5,1
Atari,Renegade Kid,1
Atari,5pb,1
Atari,Wizards of the Coast,1
Atari,Unknown,1
Atari,Stainless Games,1
Atari,Microsoft Game Studios,1
Maximum Games,Triangle Service,1
Maximum Games,Tripwire Interactive,1
Maximum Games,Kalypso Media,1
Maximum Games,Devolver Digital,1
Maximum Games,Nighthawk Interactive,1
Maximum Games,Alternative Software,1
Maximum Games,Ready at Dawn,1
Maximum Games,Games Workshop,1
Maximum Games,Team17 Software,1
Maximum Games,Wired Productions,1
Maximum Games,GameTrust,1
Maximum Games,Stainless Games,1
Maximum Games,Rebellion,1
Maximum Games,Moss,1
Maximum Games,Bandai Namco Entertainment,1
Maximum Games,Tru Blu Entertainment,1
Maximum Games,GameMill Entertainment,1
Maximum Games,Snail Game,1
Maximum Games,GameMill,2
Maximum Games,BioWare,1
Maximum Games,Versus Evil,1
Maximum Games,Microsoft Game Studios,1
Maximum Games,PlatinumGames,1
Maximum Games,Big Ben Interactive,1
Maximum Games,Outright Games,1
Maximum Games,Unknown,1
Maximum Games,11 bit studios,1
Tripwire Interactive,Triangle Service,1
Tripwire Interactive,Rebellion,1
Tripwire Interactive,GameMill Entertainment,1
Tripwire Interactive,GameMill,1
Tripwire Interactive,Microsoft Game Studios,1
Tripwire Interactive,Devolver Digital,1
GameMill,Triangle Service,1
GameMill,Rebellion,1
GameMill,GameMill Entertainment,1
GameMill,UIG Entertainment,1
GameMill,Kalypso Media,1
GameMill,Microsoft Game Studios,1
GameMill,Devolver Digital,1
GameMill,Nighthawk Interactive,1
GameMill,Introversion Software,1
GameMill,Techland,1
Microids,Grey Box,1
Microids,Kalypso Media,1
Microids,Revolution Software,1
Microids,Ice-pick Lodge,1
Microids,Unknown,1
GameTrust,Moss,1
GameTrust,Bandai Namco Entertainment,1
GameTrust,Snail Game,1
GameTrust,BioWare,1
GameTrust,Versus Evil,1
GameTrust,Kalypso Media,1
GameTrust,Ready at Dawn,1
GameTrust,Games Workshop,1
GameTrust,Team17 Software,1
GameTrust,Wired Productions,1
GameTrust,PlatinumGames,1
GameTrust,Stainless Games,1
GameTrust,Outright Games,1
GameTrust,Unknown,1
GameTrust,11 bit studios,1
Ready at Dawn,Moss,1
Ready at Dawn,Bandai Namco Entertainment,1
Ready at Dawn,Snail Game,1
Ready at Dawn,BioWare,1
Ready at Dawn,Versus Evil,1
Ready at Dawn,Kalypso Media,1
Ready at Dawn,Games Workshop,1
Ready at Dawn,Team17 Software,1
Ready at Dawn,Wired Productions,1
Ready at Dawn,PlatinumGames,1
Ready at Dawn,Stainless Games,1
Ready at Dawn,Outright Games,1
Ready at Dawn,Unknown,1
Ready at Dawn,11 bit studios,1
Paradox InteractiveÊ,Sinxsoft,1
Paradox InteractiveÊ,TopWare Interactive,1
Paradox InteractiveÊ,Techland,1
Paradox InteractiveÊ,Experience Inc.,1
Paradox InteractiveÊ,Unknown,1
Nighthawk Interactive,Kalypso Media,1
GameMill Entertainment,Triangle Service,1
GameMill Entertainment,Rebellion,1
GameMill Entertainment,Microsoft Game Studios,1
GameMill Entertainment,Devolver Digital,1
Tru Blu Entertainment,Alternative Software,1
Tru Blu Entertainment,Big Ben Interactive,1
Devolver Digital,Triangle Service,1
Devolver Digital,Rebellion,1
Devolver Digital,Microsoft Game Studios,1
Techland,Sinxsoft,1
Techland,Kalypso Media,1
Techland,Introversion Software,1
Techland,TopWare Interactive,1
Techland,UIG Entertainment,1
Techland,Experience Inc.,1
Techland,Unknown,1
Stainless Games,Level 5,1
Stainless Games,Moss,1
Stainless Games,Bandai Namco Entertainment,1
Stainless Games,Renegade Kid,1
Stainless Games,5pb,1
Stainless Games,Wizards of the Coast,1
Stainless Games,Snail Game,1
Stainless Games,BioWare,1
Stainless Games,Versus Evil,1
Stainless Games,Kalypso Media,1
Stainless Games,Microsoft Game Studios,1
Stainless Games,Games Workshop,1
Stainless Games,Team17 Software,1
Stainless Games,Wired Productions,1
Stainless Games,PlatinumGames,1
Stainless Games,Outright Games,1
Stainless Games,Unknown,2
Stainless Games,11 bit studios,1
Games Workshop,Moss,1
Games Workshop,Bandai Namco Entertainment,1
Games Workshop,Snail Game,1
Games Workshop,BioWare,1
Games Workshop,Versus Evil,1
Games Workshop,Kalypso Media,1
Games Workshop,Team17 Software,1
Games Workshop,Wired Productions,1
Games Workshop,PlatinumGames,1
Games Workshop,Outright Games,1
Games Workshop,Unknown,1
Games Workshop,11 bit studios,1
Outright Games,Moss,1
Outright Games,Bandai Namco Entertainment,1
Outright Games,Snail Game,1
Outright Games,BioWare,1
Outright Games,Versus Evil,1
Outright Games,Kalypso Media,1
Outright Games,Team17 Software,1
Outright Games,Wired Productions,1
Outright Games,PlatinumGames,1
Outright Games,Unknown,1
Outright Games,11 bit studios,1
Kalypso Media,Moss,1
Kalypso Media,Bandai Namco Entertainment,1
Kalypso Media,Grey Box,1
Kalypso Media,UIG Entertainment,2
Kalypso Media,Team17 Digital Ltd,1
Kalypso Media,Snail Game,1
Kalypso Media,BioWare,1
Kalypso Media,Versus Evil,1
Kalypso Media,Revolution Software,1
Kalypso Media,Ice-pick Lodge,1
Kalypso Media,Team17 Software,1
Kalypso Media,Wired Productions,1
Kalypso Media,PlatinumGames,1
Kalypso Media,Introversion Software,1
Kalypso Media,Unknown,3
Kalypso Media,11 bit studios,1
Grey Box,Revolution Software,1
Grey Box,Ice-pick Lodge,1
Grey Box,Unknown,1
Team17 Digital Ltd,UIG Entertainment,1
Team17 Digital Ltd,Unknown,1
Revolution Software,Ice-pick Lodge,1
Revolution Software,Unknown,1
Big Ben Interactive,Alternative Software,1
Introversion Software,UIG Entertainment,1
Wired Productions,Moss,1
Wired Productions,Bandai Namco Entertainment,1
Wired Productions,Snail Game,1
Wired Productions,BioWare,1
Wired Productions,Versus Evil,1
Wired Productions,Team17 Software,1
Wired Productions,PlatinumGames,1
Wired Productions,Unknown,1
Wired Productions,11 bit studios,1
5pb,Level 5,1
5pb,Renegade Kid,1
5pb,Wizards of the Coast,1
5pb,Unknown,1
5pb,Microsoft Game Studios,1
Rebellion,Triangle Service,1
Rebellion,Microsoft Game Studios,1
11 bit studios,Moss,1
11 bit studios,Bandai Namco Entertainment,1
11 bit studios,Snail Game,1
11 bit studios,BioWare,1
11 bit studios,Versus Evil,1
11 bit studios,Team17 Software,1
11 bit studios,PlatinumGames,1
11 bit studios,Unknown,1
UIG Entertainment,Unknown,1
BioWare,Moss,1
BioWare,Bandai Namco Entertainment,1
BioWare,Snail Game,1
BioWare,Versus Evil,1
BioWare,Team17 Software,1
BioWare,PlatinumGames,1
BioWare,Unknown,1
Wizards of the Coast,Level 5,1
Wizards of the Coast,Renegade Kid,1
Wizards of the Coast,Unknown,1
Wizards of the Coast,Microsoft Game Studios,1
Microsoft Game Studios,Triangle Service,1
Microsoft Game Studios,Level 5,1
Microsoft Game Studios,Renegade Kid,1
Microsoft Game Studios,Unknown,1
Unknown,Level 5,1
Unknown,Ice-pick Lodge,1
Unknown,Experience Inc.,1
Unknown,Team17 Software,1
Unknown,TopWare Interactive,1
Unknown,Sinxsoft,1
Unknown,Moss,1
Unknown,Bandai Namco Entertainment,1
Unknown,Renegade Kid,1
Unknown,Snail Game,1
Unknown,Versus Evil,1
Unknown,PlatinumGames,1
Level 5,Renegade Kid,1
TopWare Interactive,Sinxsoft,1
TopWare Interactive,Experience Inc.,1
Experience Inc.,Sinxsoft,1
PlatinumGames,Moss,1
PlatinumGames,Bandai Namco Entertainment,1
PlatinumGames,Snail Game,1
PlatinumGames,Versus Evil,1
PlatinumGames,Team17 Software,1
Versus Evil,Moss,1
Versus Evil,Bandai Namco Entertainment,1
Versus Evil,Snail Game,1
Versus Evil,Team17 Software,1
Snail Game,Moss,1
Snail Game,Bandai Namco Entertainment,1
Snail Game,Team17 Software,1
Moss,Bandai Namco Entertainment,1
Moss,Team17 Software,1
Team17 Software,Bandai Namco Entertainment,1
